Order_ID,Event_Name,Event_Date,First_Name,Last_Name,Email,Postcode,Ticket_Type,Quantity,Ticket_Price,Purchase_Date,Attendance_Status
EVB-PC-453646,Dance Showcase,2026-08-15,Olivia,White,olivia.white18@gmail.com,PL4 7 OY,General Admission,2,13.12,2026-08-07 07:59:59.999997,Partial
EVB-PC-422302,Dance Showcase,2026-08-15,James,Allen,james.allen95@yahoo.co.uk,PL7 9 GG,General Admission,1,13.12,2026-05-25 15:00,Partial
EVB-PC-873907,Dance Showcase,2026-08-15,Samuel,Jackson,samuel.jackson54@yahoo.co.uk,PL4 2 MJ,General Admission,1,13.12,2026-08-02 13:00:00.000003,Partial
EVB-PC-340574,Dance Showcase,2026-08-15,Emily,Evans,emily.evans41@gmail.com,PL1 4 SR,General Admission,1,13.12,2026-05-28 07:59:59.999997,Partial
EVB-PC-322471,Dance Showcase,2026-08-15,Grace,Williams,grace.williams12@outlook.com,PL12 2 VJ,General Admission,1,13.12,2026-08-07 19:59:59.999997,Partial
EVB-PC-289475,Dance Showcase,2026-08-15,Evie,Bennett,evie.bennett24@hotmail.co.uk,PL9 2 EF,General Admission,1,13.12,2026-06-07 13:00:00.000003,Partial
EVB-PC-636736,Dance Showcase,2026-08-15,Max,Jackson,max.jackson59@icloud.com,TA6 7 MY,General Admission,1,13.12,2026-08-14 13:00:00.000003,Partial
EVB-PC-307817,Dance Showcase,2026-08-15,Harry,Collins,harry.collins76@icloud.com,PL2 4 PL,General Admission,1,13.12,2026-06-27 12:00,Partial
EVB-PC-637828,Dance Showcase,2026-08-15,Freya,Wilson,freya.wilson94@yahoo.co.uk,PL19 2 DZ,General Admission,2,13.12,2026-08-11 18:00,Partial
EVB-PC-256312,Dance Showcase,2026-08-15,Joshua,Thomas,joshua.thomas50@gmail.com,PL2 5 ES,General Admission,1,13.12,2026-05-30 16:00:00.000003,Partial
EVB-PC-302531,Dance Showcase,2026-08-15,Evie,Walker,evie.walker19@gmail.com,TQ1 8 ZL,General Admission,2,13.12,2026-06-12 16:59:59.999997,Partial
EVB-PC-692364,Dance Showcase,2026-08-15,Thomas,Evans,thomas.evans6@hotmail.co.uk,TQ1 2 TB,General Admission,1,13.12,2026-08-07 07:59:59.999997,Partial
EVB-PC-618453,Dance Showcase,2026-08-15,Leo,Jackson,leo.jackson73@yahoo.co.uk,TA6 1 CA,General Admission,1,13.12,2026-06-09 09:00,Partial
EVB-PC-841863,Dance Showcase,2026-08-15,Ruby,Morgan,ruby.morgan97@gmail.com,PL1 4 OC,General Admission,2,13.12,2026-06-16 10:59:59.999997,Partial
EVB-PC-229472,Dance Showcase,2026-08-15,Lucas,Bell,lucas.bell74@gmail.com,PL3 7 MJ,General Admission,1,13.12,2026-08-01 18:00,Partial
EVB-PC-120672,Dance Showcase,2026-08-15,Alfie,Turner,alfie.turner14@outlook.com,PL9 4 IP,General Admission,1,13.12,2026-07-17 18:00,Partial
EVB-PC-934123,Dance Showcase,2026-08-15,Oliver,Johnson,oliver.johnson19@gmail.com,PL7 7 JP,General Admission,1,13.12,2026-07-13 12:00,Partial
EVB-PC-666405,Dance Showcase,2026-08-15,Poppy,Young,poppy.young41@gmail.com,EX3 6 RK,General Admission,1,13.12,2026-06-14 13:59:59.999997,Partial
EVB-PC-683195,Dance Showcase,2026-08-15,George,Patel,george.patel57@gmail.com,PL3 9 IZ,General Admission,3,13.12,2026-07-02 07:59:59.999997,Partial
EVB-PC-159225,Dance Showcase,2026-08-15,Samuel,Ward,samuel.ward9@yahoo.co.uk,PL9 1 HT,General Admission,1,13.12,2026-07-29 10:59:59.999997,Partial
EVB-PC-450056,Dance Showcase,2026-08-15,Alfie,Perry,alfie.perry93@yahoo.co.uk,PL7 9 UG,General Admission,1,13.12,2026-06-02 10:00:00.000003,Partial
EVB-PC-198326,Dance Showcase,2026-08-15,Noah,Moore,noah.moore85@icloud.com,PL6 5 AF,General Admission,1,13.12,2026-07-19 16:00:00.000003,Partial
EVB-PC-258972,Dance Showcase,2026-08-15,Freya,Perry,freya.perry17@hotmail.co.uk,PL6 2 GP,General Admission,1,13.12,2026-05-24 19:59:59.999997,Partial
EVB-PC-951413,Dance Showcase,2026-08-15,Ruby,Wood,ruby.wood4@yahoo.co.uk,PL5 6 FG,General Admission,1,13.12,2026-07-04 12:00,Partial
EVB-PC-992017,Dance Showcase,2026-08-15,Megan,King,megan.king68@hotmail.co.uk,PL3 9 BX,General Admission,1,13.12,2026-06-07 16:59:59.999997,Partial
EVB-PC-903953,Dance Showcase,2026-08-15,Emily,Scott,emily.scott72@gmail.com,PL1 5 YY,General Admission,1,13.12,2026-08-01 15:00,Partial
EVB-PC-405580,Dance Showcase,2026-08-15,Lucy,Jackson,lucy.jackson9@yahoo.co.uk,PL3 5 OK,General Admission,1,13.12,2026-07-11 19:59:59.999997,Partial
EVB-PC-264853,Dance Showcase,2026-08-15,Phoebe,King,phoebe.king34@hotmail.co.uk,PL9 5 EQ,General Admission,1,13.12,2026-08-08 13:59:59.999997,Partial
EVB-PC-652072,Dance Showcase,2026-08-15,Charlie,Scott,charlie.scott77@icloud.com,PL9 5 JJ,General Admission,1,13.12,2026-07-05 13:59:59.999997,Partial
EVB-PC-811921,Dance Showcase,2026-08-15,Sophie,Singh,sophie.singh84@icloud.com,PL1 1 MW,General Admission,1,13.12,2026-07-18 18:00,Partial
EVB-PC-874349,Dance Showcase,2026-08-15,Olivia,Wilson,olivia.wilson66@gmail.com,PL7 7 VD,General Admission,1,13.12,2026-08-08 15:00,Partial
EVB-PC-162437,Dance Showcase,2026-08-15,Daniel,Roberts,daniel.roberts47@yahoo.co.uk,TQ2 7 ZK,General Admission,1,13.12,2026-08-06 07:59:59.999997,Partial
EVB-PC-674852,Dance Showcase,2026-08-15,Mia,Hill,mia.hill21@hotmail.co.uk,PL5 1 OU,General Admission,2,13.12,2026-07-26 10:59:59.999997,Partial
EVB-PC-162845,Dance Showcase,2026-08-15,George,Thomas,george.thomas46@gmail.com,EX1 2 BR,General Admission,1,13.12,2026-05-29 18:00,Partial
EVB-PC-345290,Dance Showcase,2026-08-15,Charlotte,Moore,charlotte.moore19@gmail.com,TA1 8 KE,General Admission,1,13.12,2026-07-01 10:00:00.000003,Partial
EVB-PC-960094,Dance Showcase,2026-08-15,Phoebe,Jackson,phoebe.jackson40@outlook.com,PL5 3 IY,General Admission,2,13.12,2026-07-23 13:59:59.999997,Partial
EVB-PC-988189,Dance Showcase,2026-08-15,Ella,Bell,ella.bell4@gmail.com,PL1 2 UN,General Admission,2,13.12,2026-08-12 13:59:59.999997,Partial
EVB-PC-522340,Dance Showcase,2026-08-15,Joshua,Bennett,joshua.bennett60@icloud.com,PL1 9 VK,General Admission,2,13.12,2026-06-26 10:00:00.000003,Partial
EVB-PC-839212,Dance Showcase,2026-08-15,Alfie,Cooper,alfie.cooper2@gmail.com,PL9 6 AT,General Admission,1,13.12,2026-07-21 15:00,Partial
EVB-PC-647061,Dance Showcase,2026-08-15,Sophie,Murphy,sophie.murphy85@hotmail.co.uk,PL5 4 JU,General Admission,2,13.12,2026-07-17 10:59:59.999997,Partial
EVB-PC-932425,Dance Showcase,2026-08-15,Daniel,Walker,daniel.walker31@outlook.com,PL2 1 RM,General Admission,1,13.12,2026-05-20 12:00,Partial
EVB-PC-813210,Dance Showcase,2026-08-15,Olivia,Evans,olivia.evans82@hotmail.co.uk,PL19 3 FQ,General Admission,1,13.12,2026-06-24 09:00,Partial
EVB-PC-253399,Dance Showcase,2026-08-15,Megan,Baker,megan.baker62@gmail.com,PL1 6 MS,General Admission,1,13.12,2026-06-05 10:59:59.999997,Partial
EVB-PC-207932,Dance Showcase,2026-08-15,Lily,Wilson,lily.wilson59@gmail.com,PL3 1 VV,General Admission,1,13.12,2026-07-31 16:59:59.999997,Partial
EVB-PC-817763,Dance Showcase,2026-08-15,Thomas,Hall,thomas.hall15@icloud.com,PL5 2 TJ,General Admission,1,13.12,2026-05-17 12:00,Partial
EVB-PC-491691,Dance Showcase,2026-08-15,George,Wood,george.wood13@icloud.com,PL3 8 MT,General Admission,1,13.12,2026-06-26 16:00:00.000003,Partial
EVB-PC-213111,Dance Showcase,2026-08-15,Oliver,Brown,oliver.brown26@outlook.com,PL4 6 UP,General Admission,1,13.12,2026-06-27 09:00,Partial
EVB-PC-867256,Dance Showcase,2026-08-15,Oscar,Roberts,oscar.roberts53@icloud.com,PL9 6 VU,General Admission,2,13.12,2026-07-03 18:00,Partial
EVB-PC-627331,Dance Showcase,2026-08-15,Samuel,Allen,samuel.allen37@icloud.com,PL5 5 HC,General Admission,2,13.12,2026-07-09 16:00:00.000003,Partial
EVB-PC-446432,Dance Showcase,2026-08-15,Leo,Ward,leo.ward91@icloud.com,PL3 4 DE,General Admission,1,13.12,2026-06-30 13:59:59.999997,Partial
EVB-PC-235332,Dance Showcase,2026-08-15,Leo,Murphy,leo.murphy10@outlook.com,TQ12 1 MN,General Admission,1,13.12,2026-07-27 16:59:59.999997,Partial
EVB-PC-625492,Dance Showcase,2026-08-15,Thomas,White,thomas.white96@icloud.com,PL6 3 EC,General Admission,1,13.12,2026-06-26 12:00,Partial
EVB-PC-495171,Dance Showcase,2026-08-15,George,Wilson,george.wilson62@hotmail.co.uk,PL1 5 WE,General Admission,1,13.12,2026-06-27 18:00,Partial
EVB-PC-611783,Dance Showcase,2026-08-15,Daniel,Williams,daniel.williams73@icloud.com,EX3 8 IQ,General Admission,1,13.12,2026-08-12 13:59:59.999997,Partial
EVB-PC-973058,Dance Showcase,2026-08-15,Henry,Singh,henry.singh71@icloud.com,PL7 2 ZR,General Admission,1,13.12,2026-07-30 16:00:00.000003,Partial
EVB-PC-715441,Dance Showcase,2026-08-15,Noah,Ward,noah.ward91@gmail.com,PL7 8 CN,General Admission,2,13.12,2026-06-29 07:59:59.999997,Partial
EVB-PC-647412,Dance Showcase,2026-08-15,George,Wood,george.wood21@yahoo.co.uk,PL7 7 XF,General Admission,1,13.12,2026-05-18 12:00,Partial
EVB-PC-480065,Dance Showcase,2026-08-15,Oscar,Scott,oscar.scott21@icloud.com,PL5 8 IY,General Admission,1,13.12,2026-06-25 10:00:00.000003,Partial
EVB-PC-521729,Dance Showcase,2026-08-15,Chloe,Williams,chloe.williams42@hotmail.co.uk,TA1 7 QW,General Admission,2,13.12,2026-07-09 10:59:59.999997,Partial
EVB-PC-585944,Dance Showcase,2026-08-15,Alfie,Wilson,alfie.wilson73@hotmail.co.uk,TA6 7 WU,General Admission,1,13.12,2026-06-30 12:00,Partial
